methods,frequency
org/joda/time/tz/ZoneInfoProvider.<init>,288
org/joda/time/chrono/BasicGJChronology.getDaysInMonthMax,88
org/joda/time/format/ISODateTimeFormat$Constants.dateHourMinuteSecondFraction,6
org/joda/time/DurationFieldType.centuries,84
org/joda/time/DateTimeFieldType.minuteOfDay,22
org/joda/time/DateTimeFieldType.access$1000,2
org/joda/time/Chronology.yearOfEra,38
org/joda/time/chrono/GJLocaleSymbols.monthOfYearValueToShortText,6
org/joda/time/format/ISODateTimeFormat$Constants.access$3900,6
org/joda/time/format/ISODateTimeFormat$Constants.basicOrdinalDateTime,6
org/joda/time/Chronology.weekyearOfCentury,38
org/joda/time/DateTime.<init>,6
org/joda/time/ReadableDateTime.toDateTime,6
org/joda/time/format/ISODateTimeFormat$Constants.basicWeekDateTimeNoMillis,6
org/joda/time/field/BaseDurationField.getUnitMillis,1248
org/joda/time/format/DateTimeFormatterBuilder$UnpaddedNumber.<init>,6
org/joda/time/chrono/BasicChronology.getDateTimeMillis0,166
java/lang/Object.toString,144
org/joda/time/chrono/GJLocaleSymbols.monthOfYearValueToText,6
org/joda/time/format/ISODateTimeFormat$Constants.fractionElement,12
org/joda/time/convert/ConverterSet.remove,42
java/util/List.add,4328
org/joda/time/chrono/BasicChronology.getYearMonthDayMillis,710
org/joda/time/chrono/BasicChronology.calculateFirstDayOfYearMillis,108
org/joda/time/DateTimeFieldType.access$2100,2
org/joda/time/chrono/GJLocaleSymbols.maxLength,36
org/joda/time/format/DateTimeFormatterBuilder.appendTimeZoneOffset,28
org/joda/time/format/ISODateTimeFormat$Constants.hourMinuteSecond,18
org/joda/time/format/DateTimeFormatterBuilder$TimeZoneOffset.estimatePrintedLength,150
org/joda/time/chrono/GJChronology$ImpreciseCutoverField.<init>,78
java/lang/Integer.toString,66
org/joda/time/DateTimeZone.getOffset,264
org/joda/time/PeriodType.minutes,2
org/joda/time/format/DateTimeParserBucket.saveField,2244
org/joda/time/format/DateTimeFormatter.parseMillis,256
org/joda/time/PeriodType.seconds,2
org/joda/time/convert/ConverterSet.selectSlow,14
org/joda/time/chrono/GregorianChronology.getMinimumDaysInFirstWeek,6
org/joda/time/format/DateTimeFormatterBuilder.appendWeekOfWeekyear,6
org/joda/time/base/BasePeriod.setPeriodInternal,4
org/joda/time/DurationFieldType.weekyears,84
org/joda/time/Chronology.withUTC,726
org/joda/time/format/ISODateTimeFormat$Constants.basicDateTime,6
org/joda/time/chrono/JulianChronology.year,6
org/joda/time/DateTimeUtils.getPeriodType,6
java/text/DateFormatSymbols.getMonths,6
java/lang/InternalError.<init>,4
java/lang/Class.getName,52
org/joda/time/field/BaseDurationField.compareTo,1248
org/joda/time/chrono/BasicChronology.<init>,30
java/util/ArrayList.get,140
org/joda/time/format/ISODateTimeFormat$Constants.basicTimeNoMillis,12
java/util/concurrent/ConcurrentMap.get,30
org/joda/time/DateTimeFieldType.centuryOfEra,36
java/lang/StringBuilder.toString,588
org/joda/time/format/DateTimeFormatterBuilder.appendDecimal,52
org/joda/time/DateTimeUtils.currentTimeMillis,6
org/joda/time/format/DateTimeFormatterBuilder.append,606
java/lang/Class.getMethod,6
org/joda/time/field/BaseDateTimeField.<init>,912
org/joda/time/field/MillisDurationField.getUnitMillis,52
org/joda/time/format/ISODateTimeFormat$Constants.weekElement,24
org/joda/time/chrono/AssembledChronology$Fields.isSupported,1190
org/joda/time/DateTimeFieldType.access$1200,2
org/joda/time/LocalDateTime.withLocalMillis,286
org/joda/time/format/ISODateTimeFormat$Constants.access$3700,42
org/joda/time/field/ZeroIsMaxDateTimeField.<init>,32
org/joda/time/format/DateTimeFormatter.getPrinter0,558
org/joda/time/format/ISODateTimeFormat$Constants.basicDateTimeNoMillis,6
org/joda/time/chrono/BasicChronology$YearInfo.<init>,108
org/joda/time/Chronology.yearOfCentury,38
java/lang/Character.toUpperCase,1004
java/lang/String.length,1492
org/joda/time/LocalDate.getChronology,6
org/joda/time/DateTimeFieldType.weekyearOfCentury,60
org/joda/time/chrono/GJLocaleSymbols.getMonthMaxShortTextLength,2
org/joda/time/format/DateTimeFormatterBuilder.appendFixedDecimal,66
org/joda/time/format/PeriodFormatter.withParseType,14
org/joda/time/convert/Converter.getSupportedType,56
org/joda/time/field/DecoratedDateTimeField.getRangeDurationField,12
org/joda/time/LocalDateTime.getLocalMillis,3446
org/joda/time/field/PreciseDurationField.getType,544
org/joda/time/chrono/ISOYearOfEraDateTimeField.<init>,12
org/joda/time/format/ISODateTimeFormat$Constants.timeNoMillis,12
java/util/concurrent/atomic/AtomicReference.get,572
org/joda/time/Chronology.clockhourOfHalfday,38
org/joda/time/format/DateTimeFormatterBuilder$MatchingParser.<init>,130
org/joda/time/chrono/JulianChronology.<init>,6
org/joda/time/DateTimeFieldType.access$100,2
org/joda/time/DurationFieldType.halfdays,94
org/joda/time/chrono/BasicChronology.getMinYear,894
org/joda/time/format/PeriodFormatterBuilder$Separator.access$000,2
org/joda/time/Period.<init>,2
org/joda/time/chrono/ISOChronology.<init>,14
org/joda/time/DateTimeZone.equals,52
org/joda/time/chrono/BasicChronology.months,512
org/joda/time/chrono/BasicChronology.access$000,16
org/joda/time/format/DateTimeParserBucket.computeMillis,254
org/joda/time/format/DateTimeFormat.parsePatternTo,2
org/joda/time/DateTimeZone.<init>,158
org/joda/time/chrono/LimitChronology$LimitDurationField.<init>,66
org/joda/time/format/DateTimeParserBucket$SavedField.compareTo,1248
org/joda/time/DateTimeFieldType.hourOfHalfday,16
org/joda/time/Chronology.secondOfMinute,936
java/text/DateFormatSymbols.getWeekdays,6
org/joda/time/DurationFieldType.getField,528
org/joda/time/chrono/GregorianChronology.getBase,12
org/joda/time/convert/DateConverter.<init>,4
org/joda/time/chrono/ZonedChronology.getZone,74
org/joda/time/chrono/JulianChronology.centuryOfEra,6
org/joda/time/chrono/GJChronology$CutoverField.julianToGregorian,2
org/joda/time/format/DateTimeFormatter.withZone,18
java/lang/Class.getClassLoader,144
org/joda/time/DateTimeField.<init>,938
org/joda/time/DateTimeFieldType.millisOfDay,30
java/util/Iterator.next,84
org/joda/time/DateTimeField.getMinimumValue,324
org/joda/time/tz/Provider.getZone,214
org/joda/time/format/ISODateTimeFormat$Constants.timeElementParser,42
org/joda/time/chrono/BasicChronology.getDayOfYear,2
org/joda/time/DateTimeFieldType.access$1400,2
org/joda/time/convert/ReadableDurationConverter.<init>,4
org/joda/time/chrono/ZonedChronology$ZonedDateTimeField.<init>,46
org/joda/time/format/DateTimeParserBucket.<init>,256
org/joda/time/DateTimeZone.printOffset,2
org/joda/time/DateTimeComparator.getInstance,172
org/joda/time/DateTimeFieldType.secondOfMinute,186
java/lang/CharSequence.toString,2
org/joda/time/chrono/JulianChronology.getBase,6
org/joda/time/DurationFieldType.eras,156
org/joda/time/field/AbstractReadableInstantFieldProperty.getFieldType,116
org/joda/time/format/ISOPeriodFormat.standard,14
org/joda/time/format/DateTimeFormatterBuilder.appendWeekyear,12
org/joda/time/field/AbstractReadableInstantFieldProperty.getField,526
org/joda/time/format/ISODateTimeFormat$Constants.weekyearElement,24
org/joda/time/chrono/AssembledChronology.<init>,58
org/joda/time/chrono/BasicChronology.getDaysInYearMonth,826
org/joda/time/field/RemainderDateTimeField.<init>,132
org/joda/time/chrono/BasicChronology.getYearMonthMillis,428
org/joda/time/format/ISODateTimeFormat$Constants.dateHour,6
org/joda/time/chrono/LimitChronology.checkLimits,4
org/joda/time/chrono/BasicChronology.getAverageMillisPerMonth,30
org/joda/time/field/FieldUtils.safeAdd,122
org/joda/time/DateTimeFieldType.access$300,2
org/joda/time/Years.<init>,14
org/joda/time/chrono/BasicChronology.getDayOfWeek,356
org/joda/time/field/BaseDateTimeField.add,6
org/joda/time/DateTimeFieldType.minuteOfHour,186
org/joda/time/ReadablePartial.get,42
org/joda/time/format/PeriodFormatterBuilder$IgnorableAffix.getAffixes,14
java/lang/Integer.intValue,8
org/joda/time/chrono/BasicChronology.getMaxMonth,362
org/joda/time/DateTimeUtils.getDateFormatSymbols,6
org/joda/time/DateTimeField.getDurationField,1014
org/joda/time/LocalDateTime.<init>,442
org/joda/time/convert/CalendarConverter.<init>,4
org/joda/time/base/AbstractPeriod.getPeriodType,38
org/joda/time/DateTimeUtils$SystemMillisProvider.<init>,16
org/joda/time/base/BaseSingleFieldPeriod.<init>,128
org/joda/time/ReadableInstant.getMillis,934
org/joda/time/DateTimeFieldType.clockhourOfDay,16
org/joda/time/format/ISODateTimeFormat$Constants.dayOfMonthElement,18
org/joda/time/format/PeriodFormatterBuilder.appendWeeks,2
java/util/Locale.getDefault,270
org/joda/time/format/DateTimeFormatterBuilder$Fraction.<init>,36
java/lang/Character.toLowerCase,1004
org/joda/time/format/ISODateTimeFormat$Constants.yearMonthDay,6
org/joda/time/format/DateTimeParserBucket.access$000,1754
org/joda/time/format/DateTimeFormatterBuilder$TimeZoneOffset.digitCount,4
org/joda/time/chrono/BasicGJChronology.getDateMidnightMillis,4
org/joda/time/format/DateTimeParserBucket.access$002,2250
org/joda/time/DateTimeFieldType.clockhourOfHalfday,16
org/joda/time/PeriodType.days,2
org/joda/time/chrono/GJChronology.access$000,10
org/joda/time/format/DateTimeParserBucket.doParseMillis,256
org/joda/time/DateTimeFieldType.access$1600,4
org/joda/time/chrono/JulianChronology.era,6
org/joda/time/convert/StringConverter.<init>,4
org/joda/time/chrono/GJChronology$CutoverField.<init>,330
java/util/concurrent/ConcurrentHashMap.<init>,50
org/joda/time/LocalDateTime$Property.<init>,760
java/util/concurrent/atomic/AtomicReference.<init>,484
org/joda/time/chrono/BasicYearDateTimeField.set,18
java/util/TreeMap.put,362
org/joda/time/format/PeriodFormatterBuilder$PeriodFieldAffix.getAffixes,84
java/util/Calendar.getTimeZone,52
org/joda/time/chrono/AssembledChronology$Fields.<init>,58
org/joda/time/base/AbstractDateTime.getChronology,42
org/joda/time/Chronology.getZone,1214
org/joda/time/format/ISODateTimeFormat$Constants.dateOptionalTimeParser,12
org/joda/time/chrono/BasicChronology.setYear,528
org/joda/time/field/PreciseDurationField.<init>,96
org/joda/time/DateTimeField.getType,522
org/joda/time/DateTimeFieldType.millisOfSecond,168
java/util/Set.add,218
org/joda/time/base/BaseDuration.<init>,4
org/joda/time/DateTimeFieldType.access$500,4
org/joda/time/Chronology.halfdayOfDay,38
org/joda/time/format/PeriodFormatterBuilder.appendDays,2
org/joda/time/DateTimeFieldType.secondOfDay,40
org/joda/time/chrono/JulianChronology.getInstance,18
org/joda/time/field/PreciseDurationDateTimeField.remainder,76
java/util/HashMap.put,288
org/joda/time/format/DateTimeFormatter.withZoneUTC,18
org/joda/time/format/InternalParserDateTimeParser.of,172
org/joda/time/Chronology.validate,12
org/joda/time/chrono/GJChronology.getBase,14
org/joda/time/Chronology.minuteOfHour,954
org/joda/time/chrono/BasicWeekyearDateTimeField.roundFloor,84
org/joda/time/DateTimeField.roundCeiling,20
org/joda/time/LocalDate.<init>,8
org/joda/time/chrono/CopticChronology.<init>,12
org/joda/time/format/FormatUtils.appendPaddedInteger,8
org/joda/time/format/PeriodFormatterBuilder.clear,2
org/joda/time/chrono/JulianChronology.weekOfWeekyear,6
org/joda/time/convert/LongConverter.<init>,4
java/lang/Math.min,2254
org/joda/time/Chronology.secondOfDay,38
java/util/List.get,5982
org/joda/time/DurationField.isPrecise,384
org/joda/time/chrono/ISOChronology.getBase,14
java/util/List.size,1186
java/lang/StringBuffer.toString,18
org/joda/time/chrono/JulianChronology.yearOfEra,6
org/joda/time/Chronology.getDateTimeMillis,336
org/joda/time/format/DateTimeFormatterBuilder.appendLiteral,118
org/joda/time/format/PeriodFormatterBuilder.appendYears,2
org/joda/time/DateTimeFieldType.access$600,2
org/joda/time/chrono/BaseChronology.secondOfMinute,4
org/joda/time/field/BaseDateTimeField.get,78
java/util/HashSet.<init>,50
org/joda/time/format/PeriodFormatterBuilder.toFormatter,6
org/joda/time/format/DateTimeParserBucket.access$202,2250
java/util/TreeMap.<init>,18
org/joda/time/format/DateTimeParserBucket.access$200,1754
org/joda/time/format/ISODateTimeFormat$Constants.access$800,254
org/joda/time/chrono/GJLocaleSymbols.realignMonths,12
org/joda/time/DateTimeFieldType.access$1800,2
org/joda/time/format/DateTimePrinterInternalPrinter.of,30
org/joda/time/chrono/GJChronology.gregorianToJulianByYear,4
org/joda/time/chrono/BasicGJChronology.getMillisOfDay,528
org/joda/time/field/BaseDateTimeField.getAsText,54
org/joda/time/chrono/JulianChronology.dayOfMonth,6
org/joda/time/Chronology.weeks,38
org/joda/time/chrono/BasicGJChronology.getZone,652
org/joda/time/format/ISODateTimeFormat$Constants.ordinalDateTimeNoMillis,6
org/joda/time/format/InternalPrinter.estimatePrintedLength,1832
org/joda/time/format/ISODateTimeFormat$Constants.basicWeekDate,18
org/joda/time/chrono/BasicChronology.getFirstWeekOfYearMillis,344
org/joda/time/DateTime.getChronology,6
org/joda/time/Chronology.millis,38
org/joda/time/field/PreciseDateTimeField.getUnitMillis,3334
org/joda/time/convert/NullConverter.<init>,4
org/joda/time/chrono/BaseChronology.minuteOfHour,4
org/joda/time/format/DateTimeFormatterBuilder.appendMonthOfYear,8
java/text/DateFormatSymbols.getShortWeekdays,6
org/joda/time/convert/ConverterSet.<init>,62
org/joda/time/chrono/LimitChronology.<init>,6
org/joda/time/format/DateTimeFormatterBuilder$Composite.<init>,400
org/joda/time/format/PeriodFormatterBuilder$Composite.<init>,4
java/lang/System.arraycopy,744
org/joda/time/format/ISODateTimeFormat$Constants.basicTime,12
java/text/DateFormatSymbols.getEras,6
java/util/concurrent/ConcurrentHashMap.size,2
org/joda/time/chrono/BasicMonthOfYearDateTimeField.roundFloor,84
java/util/Map.get,62
java/lang/CharSequence.charAt,15236
java/util/HashMap.<init>,36
org/joda/time/chrono/BasicDayOfYearDateTimeField.<init>,24
org/joda/time/chrono/GJLocaleSymbols.monthOfYearTextToValue,8
org/joda/time/chrono/BasicChronology.eras,50
org/joda/time/field/BaseDateTimeField.roundCeiling,24
java/util/GregorianCalendar.getGregorianChange,52
org/joda/time/field/UnsupportedDurationField.getInstance,72
org/joda/time/DurationFieldType.months,318
java/util/ArrayList.size,470
java/lang/Long.longValue,52
org/joda/time/PeriodType.<init>,16
org/joda/time/DateTimeFieldType.access$800,2
org/joda/time/format/DateTimeParserBucket.access$402,744
java/util/concurrent/ConcurrentMap.putIfAbsent,6
java/util/List.toArray,8
org/joda/time/chrono/GJLocaleSymbols.eraTextToValue,2
org/joda/time/chrono/BasicChronology.getDateMidnightMillis,166
org/joda/time/ReadableInstant.toInstant,6
org/joda/time/DateTimeFieldType.hourOfDay,192
org/joda/time/format/DateTimeParserInternalParser.of,196
org/joda/time/format/DateTimeFormatterBuilder$FixedNumber.<init>,66
org/joda/time/chrono/GregorianChronology.year,18
org/joda/time/format/ISODateTimeFormat$Constants.dateHourMinuteSecondMillis,6
org/joda/time/DateTimeField.add,130
org/joda/time/format/DateTimeFormatter.selectChronology,256
org/joda/time/chrono/JulianChronology.hourOfDay,6
org/joda/time/format/DateTimeParserBucket$SavedState.<init>,1754
org/joda/time/DateTimeZone.forTimeZone,62
java/lang/String.intern,114
org/joda/time/format/ISODateTimeFormat$Constants.basicOrdinalDate,18
org/joda/time/format/ISODateTimeFormat$Constants.tTime,24
org/joda/time/format/PeriodFormatterBuilder.append0,16
org/joda/time/Days.<init>,20
org/joda/time/chrono/BasicChronology.getApproxMillisAtEpochDividedByTwo,4214
java/util/TimeZone.getDefault,10
org/joda/time/chrono/BasicChronology.weekOfWeekyear,130
org/joda/time/chrono/BasicWeekyearDateTimeField.get,18
java/util/ArrayList.<init>,1280
org/joda/time/field/ScaledDurationField.getWrappedField,68
[Lorg/joda/time/format/PeriodFormatterBuilder$FieldFormatter;.clone,2
org/joda/time/Chronology.centuries,38
org/joda/time/format/ISODateTimeFormat$Constants.weekyearWeekDay,6
org/joda/time/chrono/JulianChronology.secondOfMinute,6
org/joda/time/format/DateTimeParserBucket.saveState,3000
org/joda/time/PeriodType.months,2
org/joda/time/chrono/GJCacheKey.<init>,58
org/joda/time/chrono/JulianChronology.monthOfYear,6
org/joda/time/Chronology.hours,38
org/joda/time/format/DateTimeFormatterBuilder$CharacterLiteral.<init>,110
org/joda/time/Chronology.clockhourOfDay,38
org/joda/time/DateTimeZone$LazyInit.buildFormatter,10
org/joda/time/ReadablePeriod.size,2
java/lang/StringBuilder.append,2074
org/joda/time/chrono/GJMonthOfYearDateTimeField.<init>,24
org/joda/time/chrono/ISOChronology.getInstanceUTC,208
java/lang/Object.getClass,1538
org/joda/time/chrono/LimitChronology.convertField,624
org/joda/time/base/BasePeriod.checkPeriodType,6
org/joda/time/convert/ReadableIntervalConverter.<init>,4
java/lang/Math.abs,8
org/joda/time/DateTimeField.getLeapDurationField,224
org/joda/time/DateTimeField.roundHalfFloor,8
org/joda/time/format/DateTimeFormatterBuilder.appendMinuteOfHour,6
org/joda/time/convert/CalendarConverter.getChronology,52
org/joda/time/field/SkipDateTimeField.getMaximumValue,6
java/lang/String.endsWith,196
org/joda/time/chrono/ZonedChronology.localToUTC,6
org/joda/time/chrono/BasicGJChronology.getMinimumDaysInFirstWeek,12
org/joda/time/PeriodType.weeks,2
org/joda/time/chrono/BasicChronology.access$100,16
java/util/ArrayList.add,2072
org/joda/time/field/PreciseDateTimeField.<init>,144
org/joda/time/DateTimeZone.parseOffset,2
org/joda/time/tz/UTCProvider.<init>,144
org/joda/time/format/PeriodFormatterBuilder$Composite.decompose,4
org/joda/time/DateTimeField.roundFloor,2940
org/joda/time/chrono/BasicChronology.getYearMillis,8832
org/joda/time/format/DateTimeFormatterBuilder$Composite.decompose,400
java/lang/String.equals,226
java/lang/ArithmeticException.<init>,2
org/joda/time/base/AbstractPartial.<init>,468
org/joda/time/base/AbstractPartial.getField,44
org/joda/time/chrono/BasicMonthOfYearDateTimeField.set,14
org/joda/time/field/BaseDateTimeField.getAsShortText,30
org/joda/time/DateTimeField.getMaximumTextLength,14
org/joda/time/chrono/BasicChronology.getTotalMillisByYearMonth,3196
org/joda/time/chrono/JulianChronology.dayOfYear,6
org/joda/time/format/ISODateTimeFormat$Constants.dateParser,6
org/joda/time/field/PreciseDurationDateTimeField.roundFloor,222
org/joda/time/chrono/GJDayOfWeekDateTimeField.<init>,24
org/joda/time/base/AbstractDateTime.getMillis,42
org/joda/time/chrono/BasicChronology.weekyears,8
org/joda/time/LocalTime.<init>,6
java/lang/StringBuffer.<init>,18
org/joda/time/DateTimeUtils.checkPermission,240
java/util/Locale.getLanguage,6
org/joda/time/chrono/AssembledChronology.assemble,58
org/joda/time/format/InternalParser.parseInto,14762
java/util/Set.size,14
org/joda/time/IllegalFieldValueException.<init>,60
java/lang/Object.equals,112
org/joda/time/format/ISODateTimeFormat$Constants.hourElement,36
org/joda/time/chrono/BasicGJChronology.assemble,18
org/joda/time/Instant.equals,52
org/joda/time/format/ISODateTimeFormat$Constants.secondElement,30
org/joda/time/field/DelegatedDateTimeField.<init>,78
org/joda/time/base/BasePeriod.<init>,6
org/joda/time/ReadableInstant.get,42
org/joda/time/YearMonth.<init>,2
org/joda/time/chrono/JulianChronology.minuteOfHour,6
org/joda/time/chrono/JulianChronology.clockhourOfHalfday,6
org/joda/time/format/ISODateTimeFormat$Constants.hourMinuteSecondFraction,18
java/util/Set.iterator,14
org/joda/time/chrono/BasicFixedMonthChronology.assemble,6
org/joda/time/format/ISODateTimeFormat$Constants.ordinalDateTime,6
org/joda/time/format/DateTimeParserBucket$SavedField.init,2244
org/joda/time/DateTimeZone.getConvertedId,62
org/joda/time/chrono/BasicChronology.getWeekyear,18
org/joda/time/format/InternalParser.estimateParsedLength,2492
org/joda/time/format/ISODateTimeFormat.dateTimeParser,254
org/joda/time/field/AbstractReadableInstantFieldProperty.<init>,766
org/joda/time/Chronology.get,2
org/joda/time/DurationFieldType.<init>,314
org/joda/time/DateTimeFieldType.era,32
org/joda/time/format/DateTimeFormatterBuilder.appendFractionOfHour,6
org/joda/time/chrono/BasicChronology.getYear,3686
org/joda/time/format/DateTimeFormat.parseToken,8
org/joda/time/LocalDateTime.getChronology,3616
org/joda/time/field/DelegatedDateTimeField.set,2
org/joda/time/chrono/BasicChronology.days,16
org/joda/time/base/AbstractInstant.compareTo,2
org/joda/time/chrono/GregorianChronology.eras,12
org/joda/time/DateTimeFieldType.getName,158
org/joda/time/base/AbstractInstant.getChronology,64
org/joda/time/DateTime.getMillis,10
org/joda/time/format/ISODateTimeFormat$Constants.timeParser,6
java/lang/Object.hashCode,2122
org/joda/time/DurationFieldType.days,516
org/joda/time/chrono/GregorianChronology.getInstance,42
org/joda/time/DateTimeFieldType.access$2000,2
org/joda/time/DateTimeZone.getDefaultProvider,144
org/joda/time/chrono/BaseChronology.hourOfDay,4
org/joda/time/field/PreciseDateTimeField.get,1566
org/joda/time/field/PreciseDurationDateTimeField.<init>,240
org/joda/time/format/DateTimeParserBucket$SavedState.restoreState,2250
org/joda/time/format/ISODateTimeFormat$Constants.hourMinute,12
org/joda/time/format/PeriodFormatterBuilder.appendSeparator,2
java/util/concurrent/ConcurrentHashMap.put,12
org/joda/time/convert/ConverterManager.<init>,4
java/lang/System.currentTimeMillis,6
java/util/Set.toArray,14
org/joda/time/DateTimeFieldType.yearOfCentury,36
org/joda/time/chrono/BasicChronology.getAverageMillisPerYear,48
java/text/DateFormatSymbols.getShortMonths,6
java/util/Collections.unmodifiableMap,10
org/joda/time/Chronology.eras,38
org/joda/time/format/DateTimeFormat.createFormatterForPattern,2
org/joda/time/chrono/GJLocaleSymbols.addSymbols,30
org/joda/time/format/DateTimeParserBucket.setOffset,2
org/joda/time/base/AbstractPartial.getChronology,44
org/joda/time/chrono/BasicGJChronology.isLeapYear,6808
org/joda/time/format/ISODateTimeFormat$Constants.monthElement,24
org/joda/time/DateTimeField.remainder,872
org/joda/time/DurationField.add,110
org/joda/time/ReadablePartial.size,20
java/lang/System.getProperty,298
org/joda/time/DateTimeComparator.<init>,918
org/joda/time/DateTimeFieldType.getDurationType,114
org/joda/time/chrono/BaseChronology.getDateTimeMillis,4
org/joda/time/base/AbstractPeriod.<init>,12
org/joda/time/Weeks.<init>,14
org/joda/time/format/PeriodFormatterBuilder$FieldFormatter.finish,14
org/joda/time/field/PreciseDurationDateTimeField.getMaximumValue,6
org/joda/time/Instant.<init>,6
org/joda/time/field/DividedDateTimeField.<init>,72
org/joda/time/chrono/BasicYearDateTimeField.roundFloor,168
org/joda/time/field/DelegatedDateTimeField.getMinimumValue,26
org/joda/time/chrono/CopticChronology.getBase,12
java/lang/System.getSecurityManager,480
org/joda/time/format/DateTimeFormatterBuilder.isParser,470
org/joda/time/DateTimeFieldType.access$1100,2
org/joda/time/field/UnsupportedDurationField.<init>,16
org/joda/time/PeriodType.years,2
org/joda/time/DateTimeFieldType.weekOfWeekyear,36
org/joda/time/chrono/BasicChronology$HalfdayField.<init>,16
java/lang/String.valueOf,138
org/joda/time/chrono/BasicChronology.weeks,16
java/lang/String.startsWith,426
org/joda/time/format/ISODateTimeFormat$Constants.dateTime,6
java/lang/String.concat,144
java/lang/CharSequence.length,7504
org/joda/time/DateTimeFieldType.access$2200,2
org/joda/time/format/DateTimeParserBucket.compareReverse,1500
org/joda/time/chrono/JulianChronology.minuteOfDay,6
org/joda/time/format/PeriodFormatterBuilder.appendField,28
org/joda/time/format/ISODateTimeFormat.yearMonthDay,42
org/joda/time/ReadablePartial.getField,44
org/joda/time/format/InternalParserDateTimeParser.<init>,172
java/lang/String.hashCode,766
org/joda/time/chrono/GJLocaleSymbols.halfdayTextToValue,2
org/joda/time/format/PeriodFormatter.<init>,18
org/joda/time/chrono/BasicChronology.getDaysInMonthMax,40
org/joda/time/format/ISODateTimeFormat$Constants.yearElement,36
org/joda/time/format/ISODateTimeFormat$Constants.basicOrdinalDateTimeNoMillis,6
org/joda/time/format/DateTimeFormatterBuilder$NumberFormatter.<init>,148
org/joda/time/DateTimeFieldType.access$000,2
org/joda/time/DateTimeUtils.getZone,58
org/joda/time/format/PeriodFormatterBuilder$Separator.access$100,2
org/joda/time/format/DateTimeFormatterBuilder$StringLiteral.<init>,8
org/joda/time/chrono/AssembledChronology.setFields,58
org/joda/time/DateTimeFieldType.dayOfYear,1040
org/joda/time/field/OffsetDateTimeField.<init>,144
org/joda/time/Chronology.weekyear,410
org/joda/time/chrono/GregorianChronology.millisOfDay,6
org/joda/time/DateTimeFieldType.getField,4186
org/joda/time/ReadablePartial.getFieldType,24
org/joda/time/format/PeriodFormatterBuilder.appendSuffix,28
org/joda/time/chrono/BasicWeekyearDateTimeField.<init>,24
java/lang/Object.<init>,12326
org/joda/time/chrono/BasicYearDateTimeField.get,554
org/joda/time/format/ISODateTimeFormat.weekDate,12
org/joda/time/chrono/GJChronology.withZone,4
org/joda/time/chrono/ZonedChronology$ZonedDurationField.<init>,22
java/lang/IllegalArgumentException.<init>,308
org/joda/time/field/AbstractReadableInstantFieldProperty.get,166
org/joda/time/format/DateTimeFormatterBuilder$PaddedNumber.<init>,142
org/joda/time/format/DateTimeFormatter.<init>,650
org/joda/time/format/ISODateTimeFormat$Constants.basicDate,18
org/joda/time/PeriodType.standard,6
org/joda/time/DateTimeFieldType.access$1300,2
java/lang/StringBuilder.<init>,588
org/joda/time/field/ScaledDurationField.getType,64
org/joda/time/chrono/JulianChronology.millisOfDay,6
org/joda/time/DateTimeFieldType.dayOfWeek,38
org/joda/time/format/PeriodFormatterBuilder$Separator.finish,2
org/joda/time/PeriodType.hours,2
org/joda/time/field/BaseDateTimeField.getName,2
java/lang/Math.log,4
org/joda/time/ReadableInstant.getChronology,932
org/joda/time/chrono/GregorianChronology.isLeapYear,88
java/util/List.set,28
org/joda/time/DateTimeField.setExtended,3000
org/joda/time/DateTimeField.getName,28
org/joda/time/field/BaseDateTimeField.roundFloor,70
org/joda/time/format/PeriodFormatterBuilder$Literal.<init>,4
org/joda/time/format/PeriodFormatterBuilder$PeriodFieldAffix.finish,14
org/joda/time/chrono/ISOChronology.getZone,80
org/joda/time/Chronology.monthOfYear,1016
org/joda/time/format/FormatUtils.createErrorMessage,2
org/joda/time/chrono/GJChronology.getZone,4
org/joda/time/Instant.hashCode,64
org/joda/time/Chronology.minutes,38
org/joda/time/chrono/JulianChronology.clockhourOfDay,6
org/joda/time/field/AbstractReadableInstantFieldProperty.getMillis,298
org/joda/time/format/ISODateTimeFormat$Constants.dayOfYearElement,18
org/joda/time/field/BaseDateTimeField.set,32
org/joda/time/format/DateTimeFormatterBuilder.appendSecondOfMinute,6
org/joda/time/DateTimeFieldType.access$200,2
org/joda/time/Chronology.seconds,38
org/joda/time/chrono/BasicChronology.getDaysInMonthMaxForSet,534
org/joda/time/format/PeriodFormatterBuilder$IgnorableAffix.<init>,14
org/joda/time/DateTimeFieldType.weekyear,36
org/joda/time/DurationFieldType.minutes,104
org/joda/time/tz/FixedDateTimeZone.<init>,2
org/joda/time/format/ISODateTimeFormat$Constants.localTimeParser,6
org/joda/time/base/AbstractInstant.<init>,324
java/util/concurrent/atomic/AtomicReferenceArray.<init>,2
org/joda/time/field/ImpreciseDateTimeField.<init>,78
org/joda/time/DateTimeZone.getMillisKeepLocal,310
org/joda/time/format/PeriodFormatterBuilder.appendMonths,2
org/joda/time/chrono/BasicFixedMonthChronology.getDayOfYear,2
org/joda/time/chrono/BasicWeekOfWeekyearDateTimeField.<init>,24
org/joda/time/DurationField.getType,112
org/joda/time/format/PeriodFormatterBuilder.appendSeparatorIfFieldsAfter,2
org/joda/time/DateTimeComparator.getLowerLimit,20
org/joda/time/format/ISODateTimeFormat$Constants.weekDateTime,6
org/joda/time/chrono/LimitChronology$LimitDateTimeField.<init>,138
org/joda/time/DateTimeZone.forID,10
org/joda/time/DurationField.isSupported,3784
java/util/TimeZone.getID,62
org/joda/time/format/DateTimeParserBucket.obtainSaveField,2244
org/joda/time/DateTimeZone$LazyInit.buildMap,10
org/joda/time/format/ISODateTimeFormat$Constants.localDateOptionalTimeParser,6
org/joda/time/DateTimeFieldType.access$1500,2
org/joda/time/chrono/GJChronology.convertByYear,12
org/joda/time/format/DateTimeFormatterBuilder.checkParser,118
org/joda/time/convert/ReadablePartialConverter.<init>,4
org/joda/time/chrono/JulianChronology.weekyearOfCentury,6
org/joda/time/DurationFieldType$StandardDurationFieldType.<init>,312
org/joda/time/format/ISODateTimeFormat$Constants.literalTElement,72
org/joda/time/chrono/GJChronology$LinkedDurationField.<init>,24
org/joda/time/Chronology.halfdays,38
org/joda/time/format/DateTimeFormatterBuilder$Composite.isPrinter,316
org/joda/time/format/ISODateTimeFormat$Constants.tTimeNoMillis,24
org/joda/time/chrono/JulianChronology.weekyear,6
org/joda/time/format/ISODateTimeFormat$Constants.basicWeekDateTime,6
org/joda/time/base/AbstractDuration.<init>,4
org/joda/time/DateTimeFieldType.year,228
org/joda/time/format/DateTimeFormatterBuilder.appendYear,18
org/joda/time/PeriodType.indexOf,32
org/joda/time/field/OffsetDateTimeField.getWrappedField,12
org/joda/time/format/PeriodFormatter.getParser,2
org/joda/time/convert/ConverterSet.select,1346
org/joda/time/chrono/BasicChronology.getWeeksInYear,12
org/joda/time/chrono/GJLocaleSymbols.dayOfWeekTextToValue,2
org/joda/time/chrono/GJEraDateTimeField.<init>,24
org/joda/time/format/DateTimeFormatterBuilder.appendDayOfYear,6
org/joda/time/chrono/BasicDayOfMonthDateTimeField.<init>,24
org/joda/time/base/BasePeriod.checkAndUpdate,32
org/joda/time/DateTimeField.getMaximumShortTextLength,14
org/joda/time/chrono/BasicChronology.getBase,820
org/joda/time/chrono/GJChronology.<init>,6
org/joda/time/field/PreciseDurationDateTimeField.getMinimumValue,540
org/joda/time/DateTimeFieldType.access$400,2
org/joda/time/chrono/ZonedChronology.getInstance,2
java/util/HashMap.get,400
org/joda/time/chrono/GJChronology.getInstance,110
org/joda/time/chrono/BasicChronology.dayOfWeek,6
org/joda/time/chrono/CopticChronology.getInstance,12
java/util/concurrent/atomic/AtomicReference.set,240
org/joda/time/format/ISODateTimeFormat$Constants.dateHourMinuteSecond,6
org/joda/time/DateTimeFieldType.dayOfMonth,208
org/joda/time/convert/ConverterSet$Entry.<init>,14
org/joda/time/DateTimeZone$LazyInit$1.<init>,10
java/lang/reflect/Method.invoke,6
java/lang/Appendable.append,8
org/joda/time/format/PeriodFormatterBuilder.clearPrefix,18
org/joda/time/field/FieldUtils.equals,8
org/joda/time/convert/InstantConverter.getChronology,1346
org/joda/time/field/BaseDateTimeField.convertText,26
org/joda/time/field/DecoratedDurationField.<init>,126
org/joda/time/format/DateTimeFormatterBuilder.<init>,470
java/text/DateFormatSymbols.getAmPmStrings,6
org/joda/time/chrono/GJChronology$CutoverField.get,10
org/joda/time/chrono/BasicChronology.getMillisOfDay,544
org/joda/time/format/ISODateTimeFormat$Constants.dateTimeNoMillis,6
org/joda/time/format/DateTimeFormatterBuilder.toFormatter,368
java/util/List.clear,2
org/joda/time/chrono/BasicChronology.getMaxYear,808
org/joda/time/DateTimeFieldType$StandardDateTimeFieldType.<init>,598
org/joda/time/Chronology.year,1338
org/joda/time/format/DateTimeFormatterBuilder.appendDayOfWeek,6
org/joda/time/DurationFieldType.seconds,104
org/joda/time/field/ScaledDurationField.<init>,36
org/joda/time/format/ISODateTimeFormat$Constants.localDateParser,6
org/joda/time/format/ISODateTimeFormat$Constants.dateTimeParser,6
org/joda/time/field/PreciseDurationDateTimeField.get,536
org/joda/time/format/ISODateTimeFormat$Constants.yearMonth,6
org/joda/time/Chronology.days,290
java/util/TreeMap.get,12
org/joda/time/DateTimeUtils$MillisProvider.getMillis,6
org/joda/time/format/DateTimeParserBucket.sort,254
org/joda/time/DateTimeFieldType.access$1700,2
org/joda/time/field/PreciseDateTimeField.getMaximumValue,1582
org/joda/time/chrono/ZonedChronology.getBase,6
org/joda/time/YearMonthDay.<init>,6
org/joda/time/format/DateTimeFormatterBuilder.appendHourOfDay,6
org/joda/time/MonthDay.<init>,4
org/joda/time/format/ISODateTimeFormat$Constants.hourMinuteSecondMillis,12
org/joda/time/format/ISODateTimeFormat$Constants.dateHourMinute,6
java/lang/Integer.valueOf,202
org/joda/time/DateTimeField.get,2854
org/joda/time/DateTime$Property.<init>,6
org/joda/time/Chronology.weekOfWeekyear,206
org/joda/time/chrono/ZonedChronology.convertField,208
org/joda/time/chrono/JulianChronology.adjustYearForSet,4
org/joda/time/DateTimeZone.hashCode,144
org/joda/time/DateTimeField.getAsText,30
org/joda/time/format/ISODateTimeFormat.localDateParser,2
org/joda/time/UTCDateTimeZone.getID,678
org/joda/time/field/AbstractReadableInstantFieldProperty.getName,14
org/joda/time/format/PeriodFormatter.getPrinter,2
org/joda/time/Chronology.era,38
org/joda/time/format/DateTimeParserBucket$SavedField.<init>,2244
org/joda/time/DateTimeUtils.getChronology,7138
org/joda/time/field/MillisDurationField.<init>,16
org/joda/time/chrono/BasicFixedMonthChronology.<init>,12
org/joda/time/chrono/BasicMonthOfYearDateTimeField.get,14
org/joda/time/Chronology.<init>,68
org/joda/time/chrono/BasicGJChronology.getYearMonthDayMillis,528
org/joda/time/DateTimeFieldType.monthOfYear,230
org/joda/time/DateTimeUtils$FixedMillisProvider.<init>,120
org/joda/time/field/AbstractReadableInstantFieldProperty.getAsShortText,14
org/joda/time/Instant.getMillis,64
java/lang/Exception.printStackTrace,144
org/joda/time/chrono/BasicChronology.getDayOfMonth,3046
org/joda/time/format/DateTimeFormatterBuilder.appendOptional,100
org/joda/time/PeriodType.size,38
org/joda/time/DurationFieldType.years,144
org/joda/time/chrono/BasicGJChronology.getDateTimeMillis,158
org/joda/time/DurationField.getUnitMillis,1764
org/joda/time/format/ISODateTimeFormat$Constants.dateElementParser,36
java/util/Map.put,330
org/joda/time/Hours.<init>,22
org/joda/time/format/ISODateTimeFormat$Constants.ordinalDate,18
org/joda/time/format/PeriodFormatterBuilder$SimpleAffix.<init>,14
org/joda/time/chrono/ZonedChronology.<init>,2
org/joda/time/convert/InstantConverter.getInstantMillis,1346
org/joda/time/DurationFieldType.hours,156
org/joda/time/chrono/BasicChronology.getMonthOfYear,2974
java/util/List.subList,2
org/joda/time/format/PeriodFormatterBuilder.appendHours,2
java/io/IOException.<init>,144
org/joda/time/DateTimeFieldType.access$700,2
org/joda/time/Chronology.dayOfYear,630
org/joda/time/chrono/BaseChronology.millisOfSecond,4
org/joda/time/convert/ConverterManager.getInstance,1346
org/joda/time/chrono/GJLocaleSymbols.<init>,6
org/joda/time/chrono/GJLocaleSymbols.addNumerals,12
org/joda/time/format/DateTimeParserBucket.access$100,1754
org/joda/time/chrono/GJLocaleSymbols.getMonthMaxTextLength,2
org/joda/time/format/ISODateTimeFormat$Constants.access$2000,12
org/joda/time/format/DateTimeFormatterBuilder$Composite.addArrayToList,732
org/joda/time/DateTimeZone.getDefault,238
org/joda/time/format/DateTimeParserBucket.access$102,2250
org/joda/time/DateTimeFieldType.halfdayOfDay,18
org/joda/time/base/BaseDateTime.adjustForMinMax,318
org/joda/time/format/DateTimeFormatterBuilder.toParser,102
org/joda/time/DateTimeFieldType.access$1900,2
org/joda/time/format/PeriodFormatterBuilder.<init>,2
[Lorg/joda/time/convert/ConverterSet$Entry;.clone,14
org/joda/time/format/ISODateTimeFormat$Constants.weekyearWeek,6
org/joda/time/Chronology.minuteOfDay,38
org/joda/time/IllegalFieldValueException.createMessage,66
org/joda/time/chrono/GJChronology$CutoverField.gregorianToJulian,4
org/joda/time/DurationField.<init>,354
org/joda/time/chrono/BasicYearDateTimeField.<init>,24
org/joda/time/chrono/GJLocaleSymbols.realignDaysOfWeek,12
org/joda/time/format/ISODateTimeFormat$Constants.time,12
org/joda/time/LocalDateTime$Property.getMinimumValue,12
org/joda/time/tz/FixedDateTimeZone.getID,8
org/joda/time/DateTimeFieldType.yearOfEra,36
org/joda/time/format/PeriodFormatterBuilder$FieldFormatter.<init>,28
org/joda/time/Chronology.dayOfMonth,946
org/joda/time/chrono/BasicChronology.getYearInfo,11354
org/joda/time/chrono/BasicFixedMonthChronology.getDateTimeMillis,10
org/joda/time/DateTimeZone.getOffsetFromLocal,258
org/joda/time/format/DateTimeFormatterBuilder.append0,1036
org/joda/time/format/ISODateTimeFormat$Constants.basicTTimeNoMillis,24
org/joda/time/format/ISODateTimeFormat.date,42
org/joda/time/format/FormatUtils.parseTwoDigits,4
org/joda/time/format/PeriodFormatterBuilder.appendSecondsWithOptionalMillis,2
org/joda/time/DateTimeZone.fixedOffsetZone,2
org/joda/time/format/DateTimeFormatterBuilder$TimeZoneOffset.<init>,28
org/joda/time/format/PeriodFormatterBuilder$Separator.<init>,2
org/joda/time/chrono/BasicGJChronology.getYearMillis,2522
org/joda/time/format/DateTimeFormatterBuilder.getFormatter,470
org/joda/time/chrono/JulianChronology.getMinimumDaysInFirstWeek,6
org/joda/time/format/DateTimeFormatterBuilder.appendSignedDecimal,30
org/joda/time/format/DateTimeFormatterBuilder$Composite.isParser,400
org/joda/time/chrono/GJYearOfEraDateTimeField.<init>,24
org/joda/time/chrono/LimitChronology$LimitDateTimeField.getWrappedField,2
org/joda/time/DateTimeField.roundHalfEven,8
org/joda/time/chrono/JulianChronology.millisOfSecond,6
org/joda/time/Chronology.years,38
org/joda/time/format/DateTimeFormatter.getParser0,558
org/joda/time/Chronology.months,290
org/joda/time/field/AbstractReadableInstantFieldProperty.getAsText,14
org/joda/time/DateTimeFieldType.access$900,2
java/lang/StringBuffer.append,128
org/joda/time/base/BaseDateTime.checkInstant,318
org/joda/time/chrono/BasicGJChronology.getYear,528
org/joda/time/field/PreciseDurationDateTimeField.getMaximumValueForSet,540
org/joda/time/convert/ReadableInstantConverter.<init>,4
org/joda/time/Duration.<init>,2
org/joda/time/field/DividedDateTimeField.getWrappedField,84
org/joda/time/format/DateTimeFormatterBuilder.appendDayOfMonth,8
org/joda/time/format/DateTimeParserBucket.access$302,2250
org/joda/time/format/DateTimeParserBucket.access$300,4004
java/lang/IllegalArgumentException.getMessage,66
org/joda/time/field/BaseDurationField.<init>,322
org/joda/time/chrono/BasicChronology.getAverageMillisPerYearDividedByTwo,4214
org/joda/time/Chronology.millisOfDay,78
org/joda/time/Chronology.centuryOfEra,38
org/joda/time/field/AbstractReadableInstantFieldProperty.getChronology,32
org/joda/time/Chronology.weekyears,38
org/joda/time/convert/ReadablePeriodConverter.<init>,4
org/joda/time/format/ISODateTimeFormat$Constants.minuteElement,36
org/joda/time/field/DelegatedDateTimeField.get,12
org/joda/time/field/PreciseDateTimeField.getMinimumValue,1582
org/joda/time/format/DateTimeFormatterBuilder.csStartsWithIgnoreCase,496
org/joda/time/convert/AbstractConverter.<init>,40
java/util/Collections.singleton,144
java/lang/String.<init>,2
org/joda/time/format/DateTimeParserBucket$SavedField.set,3000
java/util/concurrent/atomic/AtomicReference.compareAndSet,154
org/joda/time/DateTimeField.set,2644
org/joda/time/DateTimeZone.convertUTCToLocal,2
org/joda/time/UTCDateTimeZone.<init>,156
org/joda/time/chrono/GregorianChronology.weekyear,6
org/joda/time/format/PeriodFormatterBuilder.appendMinutes,2
org/joda/time/Minutes.<init>,14
java/lang/String.substring,4
org/joda/time/base/BaseDateTime.checkChronology,318
org/joda/time/DateTimeField.getRangeDurationField,2992
org/joda/time/chrono/BasicMonthOfYearDateTimeField.<init>,30
org/joda/time/field/BaseDateTimeField.getDurationField,100
org/joda/time/DateTimeField.getMaximumValue,338
org/joda/time/format/DateTimeFormatter.requireParser,256
org/joda/time/field/BaseDateTimeField.getMinimumValue,90
org/joda/time/DateTimeField.isSupported,1480
org/joda/time/chrono/BasicChronology.years,520
java/util/List.isEmpty,684
org/joda/time/format/ISODateTimeFormat$Constants.weekDateTimeNoMillis,6
org/joda/time/field/BaseDateTimeField.getType,4
org/joda/time/base/AbstractDateTime.<init>,318
org/joda/time/field/DividedDateTimeField.getType,24
org/joda/time/chrono/BasicChronology.getWeekOfWeekyear,302
org/joda/time/chrono/BasicSingleEraDateTimeField.<init>,6
org/joda/time/Months.<init>,30
java/util/concurrent/ConcurrentHashMap.putIfAbsent,34
org/joda/time/Chronology.millisOfSecond,518
org/joda/time/chrono/ZonedChronology.getParam,76
java/lang/Integer.parseInt,16
java/lang/String.charAt,530
org/joda/time/base/BasePeriod.indexOf,32
org/joda/time/LocalDateTime$Property.setCopy,42
java/util/Calendar.getTime,52
org/joda/time/Chronology.hourOfDay,1008
org/joda/time/format/DateTimeFormatterBuilder.appendFractionOfSecond,24
org/joda/time/chrono/BasicChronology.isLeapYear,304
org/joda/time/tz/ZoneInfoProvider.openResource,144
org/joda/time/base/BasePeriod$1.<init>,6
org/joda/time/format/ISODateTimeFormat.hour,6
org/joda/time/chrono/GregorianChronology.getInstanceUTC,36
org/joda/time/field/FieldUtils.getWrappedValue,120
org/joda/time/format/ISODateTimeFormat$Constants.access$300,2
org/joda/time/convert/ConverterManager.getInstantConverter,1346
java/util/List.contains,800
org/joda/time/chrono/JulianChronology.yearOfCentury,6
org/joda/time/DurationField.subtract,2
org/joda/time/field/SkipDateTimeField.<init>,48
org/joda/time/chrono/ZonedChronology.useTimeArithmetic,68
org/joda/time/LocalDateTime$Property.getMaximumValue,12
org/joda/time/chrono/ISOChronology.getInstance,636
org/joda/time/DurationFieldType.weeks,82
org/joda/time/base/BaseDateTime.<init>,372
org/joda/time/DurationFieldType.millis,68
java/util/HashMap.containsKey,616
org/joda/time/chrono/GJLocaleSymbols.forLocale,30
org/joda/time/format/ISODateTimeFormat$Constants.dayOfWeekElement,18
org/joda/time/chrono/GJChronology.getParam,6
org/joda/time/DurationFieldType.getName,8
org/joda/time/format/DateTimeFormatter.getParser,70
org/joda/time/chrono/BasicGJChronology.<init>,18
org/joda/time/chrono/CopticChronology.isLeapYear,2
org/joda/time/chrono/AssembledChronology$Fields.copyFieldsFrom,34
org/joda/time/chrono/GregorianChronology.<init>,12
org/joda/time/base/AbstractInstant.getMillis,130
org/joda/time/chrono/GJChronology.julianToGregorianByYear,8
org/joda/time/DateTimeFieldType.<init>,600
org/joda/time/DateTimeField.addWrapField,62
org/joda/time/chrono/BaseChronology.eras,58
org/joda/time/Chronology.dayOfWeek,118
org/joda/time/base/BasePartial.<init>,12
org/joda/time/format/DateTimeFormatterBuilder.appendFraction,36
org/joda/time/format/DateTimeFormat.forPattern,2
org/joda/time/chrono/JulianChronology.halfdayOfDay,6
org/joda/time/format/PeriodFormatterBuilder$FieldFormatter.getFieldType,14
org/joda/time/base/BasePeriod.size,4
java/lang/ClassLoader.getResourceAsStream,144
org/joda/time/DateTimeZone.convertLocalToUTC,2
org/joda/time/chrono/LimitChronology.getBase,2
org/joda/time/DurationField.compareTo,1248
org/joda/time/DateTimeZone.getProvider,214
org/joda/time/chrono/BasicGJChronology.getDayOfYear,528
org/joda/time/format/DateTimeFormatterBuilder.isPrinter,368
org/joda/time/chrono/LimitChronology.getInstance,6
org/joda/time/DateTimeField.getAsShortText,30
org/joda/time/chrono/BaseChronology.<init>,68
org/joda/time/base/BaseLocal.<init>,456
org/joda/time/LocalDate.getLocalMillis,6
org/joda/time/Chronology.hourOfHalfday,38
org/joda/time/format/ISODateTimeFormat$Constants.basicTTime,24
org/joda/time/format/PeriodFormatterBuilder.appendLiteral,2
java/util/concurrent/ConcurrentHashMap.get,564
org/joda/time/field/BaseDateTimeField.getMaximumValue,90
org/joda/time/format/DateTimeFormatter.withChronology,264
org/joda/time/field/DecoratedDateTimeField.<init>,386
org/joda/time/DateTimeField.roundHalfCeiling,8
org/joda/time/chrono/GJYearOfEraDateTimeField.getWrappedField,48
org/joda/time/Seconds.<init>,14
java/util/Date.getTime,156
org/joda/time/field/ZeroIsMaxDateTimeField.getWrappedField,16
org/joda/time/field/BaseDateTimeField.getMaximumTextLength,12
java/util/Iterator.hasNext,98
org/joda/time/chrono/BasicWeekyearDateTimeField.set,6
org/joda/time/field/ImpreciseDateTimeField$LinkedDurationField.<init>,78
org/joda/time/format/DateTimeFormatterBuilder.appendFractionOfMinute,6
org/joda/time/format/ISODateTimeFormat$Constants.offsetElement,48
org/joda/time/chrono/JulianChronology.secondOfDay,6
org/joda/time/format/PeriodFormatterBuilder.createComposite,4
java/lang/Class.isAssignableFrom,34
org/joda/time/chrono/JulianChronology.hourOfHalfday,6
org/joda/time/field/FieldUtils.verifyValueBounds,4286
org/joda/time/LocalDate.getYear,6
org/joda/time/DateTimeComparator.getUpperLimit,24
java/lang/String.equalsIgnoreCase,302
org/joda/time/chrono/ISOYearOfEraDateTimeField.getWrappedField,12
org/joda/time/format/DateTimeParserBucket.restoreState,2250
