org.joda.time.chrono.gj.MainTest,PASS
org.joda.time.chrono.gj.TestAll,PASS
org.joda.time.chrono.gj.TestGJChronology,PASS
org.joda.time.chrono.gj.TestGJDateTimeField,PASS
org.joda.time.chrono.gj.TestGJDayOfMonthField,PASS
org.joda.time.chrono.gj.TestGJDayOfWeekField,PASS
org.joda.time.chrono.gj.TestGJDayOfYearField,PASS
org.joda.time.chrono.gj.TestGJMonthOfYearField,PASS
org.joda.time.chrono.gj.TestGJWeekOfWeekyearField,PASS
org.joda.time.chrono.gj.TestGJWeekyearField,PASS
org.joda.time.chrono.gj.TestGJYearField,PASS
org.joda.time.chrono.gj.TestGregorianChronology,PASS
org.joda.time.chrono.gj.TestJulianChronology,PASS
org.joda.time.chrono.gj.TestJulianDayOfMonthField,PASS
org.joda.time.chrono.gj.TestJulianMonthOfYearField,PASS
org.joda.time.chrono.gj.TestJulianWeekyearField,PASS
org.joda.time.chrono.gj.TestJulianYearField,PASS
org.joda.time.chrono.TestAll,PASS
org.joda.time.chrono.TestBuddhistChronology,PASS
org.joda.time.chrono.TestCopticChronology,PASS
org.joda.time.chrono.TestEthiopicChronology,PASS
org.joda.time.chrono.TestGJChronology,PASS
org.joda.time.chrono.TestGJDate,PASS
org.joda.time.chrono.TestGregorianChronology,PASS
org.joda.time.chrono.TestIslamicChronology,PASS
org.joda.time.chrono.TestISOChronology,PASS
org.joda.time.chrono.TestJulianChronology,PASS
org.joda.time.chrono.TestLenientChronology,FAIL
org.joda.time.chrono.ThreadContention$1,PASS
org.joda.time.chrono.ThreadContention$2,PASS
org.joda.time.chrono.ThreadContention,PASS
org.joda.time.ClassLoadTest,PASS
org.joda.time.convert.MockBadChronology,PASS
org.joda.time.convert.MockUnknownCalendar,PASS
org.joda.time.convert.MockUnknownTimeZone,PASS
org.joda.time.convert.MockZeroNullIntegerConverter,PASS
org.joda.time.convert.TestAll,PASS
org.joda.time.convert.TestCalendarConverter,PASS
org.joda.time.convert.TestConverterManager$10,PASS
org.joda.time.convert.TestConverterManager$11,PASS
org.joda.time.convert.TestConverterManager$12,PASS
org.joda.time.convert.TestConverterManager$13,PASS
org.joda.time.convert.TestConverterManager$14,PASS
org.joda.time.convert.TestConverterManager$15,PASS
org.joda.time.convert.TestConverterManager$16,PASS
org.joda.time.convert.TestConverterManager$17,PASS
org.joda.time.convert.TestConverterManager$18,PASS
org.joda.time.convert.TestConverterManager$19,PASS
org.joda.time.convert.TestConverterManager$1,PASS
org.joda.time.convert.TestConverterManager$20,PASS
org.joda.time.convert.TestConverterManager$21,PASS
org.joda.time.convert.TestConverterManager$2,PASS
org.joda.time.convert.TestConverterManager$3,PASS
org.joda.time.convert.TestConverterManager$4,PASS
org.joda.time.convert.TestConverterManager$5,PASS
org.joda.time.convert.TestConverterManager$6,PASS
org.joda.time.convert.TestConverterManager$7,PASS
org.joda.time.convert.TestConverterManager$8,PASS
org.joda.time.convert.TestConverterManager$9,PASS
org.joda.time.convert.TestConverterManager,PASS
org.joda.time.convert.TestConverterSet$1,PASS
org.joda.time.convert.TestConverterSet$2,PASS
org.joda.time.convert.TestConverterSet$3,PASS
org.joda.time.convert.TestConverterSet$4,PASS
org.joda.time.convert.TestConverterSet$5,PASS
org.joda.time.convert.TestConverterSet$6,PASS
org.joda.time.convert.TestConverterSet,PASS
org.joda.time.convert.TestDateConverter,PASS
org.joda.time.convert.TestLongConverter,PASS
org.joda.time.convert.TestNullConverter,PASS
org.joda.time.convert.TestReadableDurationConverter,PASS
org.joda.time.convert.TestReadableInstantConverter$1,PASS
org.joda.time.convert.TestReadableInstantConverter$2,PASS
org.joda.time.convert.TestReadableInstantConverter,PASS
org.joda.time.convert.TestReadableIntervalConverter$1,PASS
org.joda.time.convert.TestReadableIntervalConverter$2,PASS
org.joda.time.convert.TestReadableIntervalConverter,PASS
org.joda.time.convert.TestReadablePartialConverter$MockTOD,PASS
org.joda.time.convert.TestReadablePartialConverter,PASS
org.joda.time.convert.TestReadablePeriodConverter,PASS
org.joda.time.convert.TestStringConverter,PASS
org.joda.time.field.TestAll,PASS
org.joda.time.field.TestBaseDateTimeField$1,PASS
org.joda.time.field.TestBaseDateTimeField$2,PASS
org.joda.time.field.TestBaseDateTimeField$3,PASS
org.joda.time.field.TestBaseDateTimeField$4,PASS
org.joda.time.field.TestBaseDateTimeField$MockBaseDateTimeField,PASS
org.joda.time.field.TestBaseDateTimeField$MockCountingDurationField,PASS
org.joda.time.field.TestBaseDateTimeField$MockPartial,PASS
org.joda.time.field.TestBaseDateTimeField$MockStandardBaseDateTimeField,PASS
org.joda.time.field.TestBaseDateTimeField,PASS
org.joda.time.field.TestFieldUtils,PASS
org.joda.time.field.TestMillisDurationField,PASS
org.joda.time.field.TestOffsetDateTimeField$MockOffsetDateTimeField,PASS
org.joda.time.field.TestOffsetDateTimeField$MockStandardDateTimeField,PASS
org.joda.time.field.TestOffsetDateTimeField,PASS
org.joda.time.field.TestPreciseDateTimeField$MockCountingDurationField,PASS
org.joda.time.field.TestPreciseDateTimeField$MockImpreciseDurationField,PASS
org.joda.time.field.TestPreciseDateTimeField$MockPreciseDateTimeField,PASS
org.joda.time.field.TestPreciseDateTimeField$MockStandardDateTimeField,PASS
org.joda.time.field.TestPreciseDateTimeField$MockZeroDurationField,PASS
org.joda.time.field.TestPreciseDateTimeField,PASS
org.joda.time.field.TestPreciseDurationDateTimeField$1,PASS
org.joda.time.field.TestPreciseDurationDateTimeField$2,PASS
org.joda.time.field.TestPreciseDurationDateTimeField$3,PASS
org.joda.time.field.TestPreciseDurationDateTimeField$4,PASS
org.joda.time.field.TestPreciseDurationDateTimeField$MockCountingDurationField,PASS
org.joda.time.field.TestPreciseDurationDateTimeField$MockImpreciseDurationField,PASS
org.joda.time.field.TestPreciseDurationDateTimeField$MockPreciseDurationDateTimeField,PASS
org.joda.time.field.TestPreciseDurationDateTimeField$MockStandardBaseDateTimeField,PASS
org.joda.time.field.TestPreciseDurationDateTimeField$MockZeroDurationField,PASS
org.joda.time.field.TestPreciseDurationDateTimeField,PASS
org.joda.time.field.TestPreciseDurationField,PASS
org.joda.time.field.TestScaledDurationField,PASS
org.joda.time.field.TestUnsupportedDateTimeField,PASS
org.joda.time.format.TestAll,PASS
org.joda.time.format.TestDateTimeFormat$1,PASS
org.joda.time.format.TestDateTimeFormat,PASS
org.joda.time.format.TestDateTimeFormatStyle,PASS
org.joda.time.format.TestDateTimeFormatterBuilder,PASS
org.joda.time.format.TestDateTimeFormatter,PASS
org.joda.time.format.TestDateTimeParserBucket$1,PASS
org.joda.time.format.TestDateTimeParserBucket,PASS
org.joda.time.format.TestISODateTimeFormat$1,PASS
org.joda.time.format.TestISODateTimeFormat_Fields,PASS
org.joda.time.format.TestISODateTimeFormat,PASS
org.joda.time.format.TestISODateTimeFormatParsing,FAIL
org.joda.time.format.TestISOPeriodFormat$1,PASS
org.joda.time.format.TestISOPeriodFormat,PASS
org.joda.time.format.TestISOPeriodFormatParsing,PASS
org.joda.time.format.TestPeriodFormat$1,PASS
org.joda.time.format.TestPeriodFormat,FAIL
org.joda.time.format.TestPeriodFormatParsing,PASS
org.joda.time.format.TestPeriodFormatterBuilder,PASS
org.joda.time.format.TestPeriodFormatter,PASS
org.joda.time.format.TestTextFields,PASS
org.joda.time.MockNullZoneChronology,PASS
org.joda.time.MockPartial,PASS
org.joda.time.MockZone,PASS
org.joda.time.TestAbstractPartial$MockPartial,PASS
org.joda.time.TestAbstractPartial$MockProperty0Chrono$1,PASS
org.joda.time.TestAbstractPartial$MockProperty0Chrono,PASS
org.joda.time.TestAbstractPartial$MockProperty0Field,PASS
org.joda.time.TestAbstractPartial$MockProperty0,PASS
org.joda.time.TestAbstractPartial$MockProperty0Val,PASS
org.joda.time.TestAbstractPartial$MockProperty1,PASS
org.joda.time.TestAbstractPartial,PASS
org.joda.time.TestAll,PASS
org.joda.time.TestAllPackages,PASS
org.joda.time.TestBasePartial$MockPartial,PASS
org.joda.time.TestBasePartial,PASS
org.joda.time.TestBaseSingleFieldPeriod,PASS
org.joda.time.TestBaseSingleFieldPeriod$Single,PASS
org.joda.time.TestChronology,PASS
org.joda.time.TestDateMidnight_Basics$1,PASS
org.joda.time.TestDateMidnight_Basics$MockInstant,PASS
org.joda.time.TestDateMidnight_Basics,PASS
org.joda.time.TestDateMidnight_Constructors,PASS
org.joda.time.TestDateMidnight_Properties,PASS
org.joda.time.TestDateTime_Basics$1,PASS
org.joda.time.TestDateTime_Basics$MockEqualsChronology,PASS
org.joda.time.TestDateTime_Basics$MockInstant,PASS
org.joda.time.TestDateTime_Basics,PASS
org.joda.time.TestDateTimeComparator,PASS
org.joda.time.TestDateTimeConstants$1,PASS
org.joda.time.TestDateTimeConstants,PASS
org.joda.time.TestDateTime_Constructors,PASS
org.joda.time.TestDateTimeFieldType,PASS
org.joda.time.TestDateTime_Properties,PASS
org.joda.time.TestDateTimeUtils$1,PASS
org.joda.time.TestDateTimeUtils$2,PASS
org.joda.time.TestDateTimeUtils$3,PASS
org.joda.time.TestDateTimeUtils$4,PASS
org.joda.time.TestDateTimeUtils$5,PASS
org.joda.time.TestDateTimeUtils$6,PASS
org.joda.time.TestDateTimeUtils$7,PASS
org.joda.time.TestDateTimeUtils,PASS
org.joda.time.TestDateTimeZone$1,PASS
org.joda.time.TestDateTimeZone$2,PASS
org.joda.time.TestDateTimeZone$3,PASS
org.joda.time.TestDateTimeZone$4,PASS
org.joda.time.TestDateTimeZoneCutover,PASS
org.joda.time.TestDateTimeZone$MockBadUTCProvider,PASS
org.joda.time.TestDateTimeZone$MockDateTimeZone,PASS
org.joda.time.TestDateTimeZone$MockEmptyIDSProvider,PASS
org.joda.time.TestDateTimeZone$MockNoUTCProvider,PASS
org.joda.time.TestDateTimeZone$MockNullIDSProvider,PASS
org.joda.time.TestDateTimeZone$MockOKButNullNameProvider,PASS
org.joda.time.TestDateTimeZone$MockOKProvider,PASS
org.joda.time.TestDateTimeZone,PASS
org.joda.time.TestDays,PASS
org.joda.time.TestDuration_Basics$MockDuration,PASS
org.joda.time.TestDuration_Basics$MockMutableDuration,PASS
org.joda.time.TestDuration_Basics,PASS
org.joda.time.TestDuration_Constructors,PASS
org.joda.time.TestDurationField,PASS
org.joda.time.TestDurationFieldType,PASS
org.joda.time.TestHours,PASS
org.joda.time.TestIllegalFieldValueException,FAIL
org.joda.time.TestInstant_Basics$MockInstant,PASS
org.joda.time.TestInstant_Basics,PASS
org.joda.time.TestInstant_Constructors,PASS
org.joda.time.TestInterval_Basics$MockInterval,PASS
org.joda.time.TestInterval_Basics,PASS
org.joda.time.TestInterval_Constructors$1,PASS
org.joda.time.TestInterval_Constructors$2,PASS
org.joda.time.TestInterval_Constructors$MockInterval,PASS
org.joda.time.TestInterval_Constructors,PASS
org.joda.time.TestLocalDate_Basics$MockInstant,PASS
org.joda.time.TestLocalDate_Basics,PASS
org.joda.time.TestLocalDate_Constructors,PASS
org.joda.time.TestLocalDate_Properties,PASS
org.joda.time.TestLocalDateTime_Basics$MockInstant,PASS
org.joda.time.TestLocalDateTime_Basics,PASS
org.joda.time.TestLocalDateTime_Constructors,PASS
org.joda.time.TestLocalDateTime_Properties,PASS
org.joda.time.TestLocalTime_Basics$1,PASS
org.joda.time.TestLocalTime_Basics$2,PASS
org.joda.time.TestLocalTime_Basics$MockInstant,PASS
org.joda.time.TestLocalTime_Basics,PASS
org.joda.time.TestLocalTime_Constructors,PASS
org.joda.time.TestLocalTime_Properties,PASS
org.joda.time.TestMinMaxLong,PASS
org.joda.time.TestMinutes,PASS
org.joda.time.TestMonthDay_Basics$MockMD,PASS
org.joda.time.TestMonthDay_Basics,PASS
org.joda.time.TestMonthDay_Constructors,PASS
org.joda.time.TestMonthDay_Properties,PASS
org.joda.time.TestMonths,PASS
org.joda.time.TestMutableDateTime_Adds,PASS
org.joda.time.TestMutableDateTime_Basics$1,PASS
org.joda.time.TestMutableDateTime_Basics$MockEqualsChronology,PASS
org.joda.time.TestMutableDateTime_Basics$MockInstant,PASS
org.joda.time.TestMutableDateTime_Basics,PASS
org.joda.time.TestMutableDateTime_Constructors,PASS
org.joda.time.TestMutableDateTime_Properties,PASS
org.joda.time.TestMutableDateTime_Sets,PASS
org.joda.time.TestMutableInterval_Basics$MockInterval,PASS
org.joda.time.TestMutableInterval_Basics,PASS
org.joda.time.TestMutableInterval_Constructors$1,PASS
org.joda.time.TestMutableInterval_Constructors$2,PASS
org.joda.time.TestMutableInterval_Constructors$MockInterval,PASS
org.joda.time.TestMutableInterval_Constructors,PASS
org.joda.time.TestMutableInterval_Updates$MockBadInterval,PASS
org.joda.time.TestMutableInterval_Updates,PASS
org.joda.time.TestMutablePeriod_Basics$MockMutablePeriod,PASS
org.joda.time.TestMutablePeriod_Basics,PASS
org.joda.time.TestMutablePeriod_Constructors,PASS
org.joda.time.TestMutablePeriod_Updates,PASS
org.joda.time.TestPartial_Basics,PASS
org.joda.time.TestPartial_Constructors,PASS
org.joda.time.TestPartial_Match,PASS
org.joda.time.TestPartial_Properties,PASS
org.joda.time.TestPeriod_Basics$MockPeriod,PASS
org.joda.time.TestPeriod_Basics,PASS
org.joda.time.TestPeriod_Constructors,PASS
org.joda.time.TestPeriodType,PASS
org.joda.time.TestSeconds,PASS
org.joda.time.TestSerialization,PASS
org.joda.time.TestStringConvert,FAIL
org.joda.time.TestTimeOfDay_Basics$MockInstant,PASS
org.joda.time.TestTimeOfDay_Basics,PASS
org.joda.time.TestTimeOfDay_Constructors,PASS
org.joda.time.TestTimeOfDay_Properties,PASS
org.joda.time.TestWeeks,PASS
org.joda.time.TestYearMonth_Basics$MockYM,PASS
org.joda.time.TestYearMonth_Basics,PASS
org.joda.time.TestYearMonth_Constructors,PASS
org.joda.time.TestYearMonthDay_Basics$MockInstant,PASS
org.joda.time.TestYearMonthDay_Basics,PASS
org.joda.time.TestYearMonthDay_Constructors,PASS
org.joda.time.TestYearMonthDay_Properties,PASS
org.joda.time.TestYearMonth_Properties,PASS
org.joda.time.TestYears,PASS
org.joda.time.tz.TestAll,FAIL
org.joda.time.tz.TestBuilder,PASS
org.joda.time.tz.TestCachedDateTimeZone,FAIL
org.joda.time.tz.TestCompiler$1,PASS
org.joda.time.tz.TestCompiler,FAIL
org.joda.time.tz.TestFixedDateTimeZone,PASS
org.joda.time.tz.TestUTCProvider,PASS
